-1.0,2.0
-0.9282297282413683,1.8510215880948606
-0.9514832460525153,1.8342249410664504
-1.046352935723362,2.013296486996181
-1.1757779771363033,2.1045823991232786
-1.2656771452614304,1.9766628325054625
-0.8151093538249807,2.0506495251390744
-1.000222958349997,1.9301483227293896
-1.0034460964705105,2.0124777079396217
-1.0713624236184778,2.088056180661644
-0.8845819902441401,1.968236787433092
-0.9181499988182192,1.9273020143924444
-1.0781142346373445,2.101905539185108
-0.973811420950289,2.1144948983756864
-0.9463810356944384,1.8052298907237163
-0.987916208180088,2.0299013210664785
-0.9860035844765449,1.7764463793980114
-0.9979804072230452,2.021142908681762
-1.1119497334582111,1.8499059856516102
-0.9333799829331784,2.021161491542443
-1.0064372626058642,1.9035862135611397
-0.8421401994882938,2.120687087480817
-1.0363632632055244,1.9382420631417203
-1.1242094051959708,1.996323044974568
-1.1237189315882454,1.9367499742287337
-0.925907704884494,1.8423497898842691
-1.0449333512208363,1.8880443171577344
-1.0429554526336158,2.0747255462524956
-0.8644987633271268,2.156571174921401
-0.9851406718543685,1.8204670165789776
-1.0085490614836223,1.9382279875306716
-0.8460338291839081,2.0355145119478193
-0.9589175270657717,1.9735439919941744
-0.9279928168037632,2.011482486194604
-0.8429309456108646,1.867032802466493
-0.8230035546038792,2.1576719757920313
-1.0388683617257923,1.8560147290099853
-1.0430703704367874,1.943115552103405
-1.0871961260273684,1.907449964526233
-0.9887929114761518,2.105734338458172
-1.0550816312882245,2.019358461197521
-0.9448212874928,1.9711211641567397
-0.8984346551209664,2.0406747666379546
-0.9542403904170279,2.024719341297734
-0.9815912446882706,1.8250468008800427
-0.8246582709365323,2.0366870218362787
-1.0265242343315335,2.0883015198295882
-0.9763801924806199,2.0169611475991687
-0.9266064729240817,2.037864798080263
-1.0601372349374265,1.8933647341659077
-1.1189912724290523,2.116268886821896
-1.0263306707373678,2.0362846877208267
-0.9755258781933162,1.892773014261697
-0.7602034816433474,1.9562104413168964
-1.0002564455970953,2.1293702891603377
-0.9408414378272554,1.8670127275670716
-1.0592172730679537,1.9504645007518646
-0.9341707743765347,1.9246938892416914
-0.927048349063008,1.9209216560217972
-1.0209497927759916,2.078761001462096
-1.0180491029844685,1.9454711176729236
-1.2332622888253515,1.8460842733121028
-0.9941915479795543,1.850512919488855
-0.9005926176191412,2.114783481936697
-1.1208542143256268,1.9366968039945296
-0.9705694852111878,2.0795668992105587
-1.0965816540208084,2.136703483814692
-0.9823753237895041,2.1399387834762216
-0.8610547000368265,1.9245878122937956
-1.1162174119631556,2.039441050471849
-1.0042419462975896,2.091246187820191
-0.932888103597371,1.9926652273749124
-1.052946835318557,2.226286860780099
-1.0524228653360739,2.008636084605327
-1.040069169139858,1.7964224104223798
-0.9511846659308965,1.9290586366481366
-1.0374676701794425,1.948191009792263
-0.9348140691454447,1.971179988407175
-1.1113466406190498,1.9958574052114615
-0.8672540900833977,2.1110101814097457
-0.9559033789913451,1.8388163456003324
-1.0874052674726487,2.1369745677116416
-1.0898390493995707,1.9168569026070994
-0.9650833834763454,2.0148128838927835
-0.9322303616658582,2.029926509258709
-1.0602614914742774,1.8057079787721877
-0.9663365296024715,1.8847380319415936
-0.9359183123060903,2.071227140012843
-0.9691735996149731,1.863423690739364
-1.121318106762463,1.841161291142741
-1.084586022224314,2.056388985244322
-0.8959192957543585,1.9468503082310353
-1.2612581529694666,1.9156569788602615
-0.894614592726616,2.064938328854795
-0.7627582597301895,1.9322636494701744
-1.0319989077003984,2.0376442677205313
-1.0701169277103528,2.057494580043037
-1.0260485613332346,2.0703592999499874
-0.9777370595944153,1.996921730098485
-1.1858931928032062,2.03623134452312
-1.0012838005246305,2.120725539431658
-0.9998561376112242,2.1706521099419276
-0.9719025055449612,1.8279762676662732
-0.9842293719880214,2.0251473399182287
-0.9714272966869641,1.7579321476760728
-1.0221489899442702,1.9430626872626147
-1.0864650719099498,1.8659917142929467
-1.0628228787527696,1.9280268463081782
-0.9623423425383072,2.0645290706444714
-0.938408156716659,2.1153099127434616
-0.9034426395760782,2.1449937386931053
-1.0155464921297195,2.04124637460198
-0.8098543592836002,2.0671675546196844
-0.9962665186545734,1.9441868766191008
-0.7674582678981046,1.9835906800749419
-1.1224225136730364,2.0238952344673367
-0.9039764176289926,1.9138790168276363
-1.0123644024868694,1.8029792350261427
-0.9787463247648822,2.223646058449827
-0.9430815706546407,1.898936608645374
-1.0228212286637204,2.1376383255308626
-1.109486812232752,2.0857582050552526
-0.8989661928865026,2.0464186658574572
-0.9247261689575524,2.0353095573840396
-1.043148070890339,2.0293585553607043
-1.212399343034698,2.0123833667837063
-1.1023705977160463,2.0648045309662924
-0.7894369612011949,2.0205881060475717
-1.062716523153133,2.095951611926271
-0.8636324344676085,1.9424739049176192
-1.0179338206717363,2.0482052855946487
-0.9420371921589683,1.965705340528921
-0.8732691226799655,2.061748864799866
-1.2208083024902219,2.1388057462989005
-1.046412218948512,2.070877207481022
-1.0504441705692615,1.965847900871093
-1.0660943138646344,1.8462790426165827
-0.9185815835603817,2.046291600178998
-1.123268213655629,2.0814310851834965
-0.8218581124713644,1.9914824524690482
-1.0637873772409159,2.082058820371028
-1.0148206409214553,1.9224276707526484
-1.0222418941103464,2.0195881031200598
-1.210387068447777,1.9894882528564248
-1.100602464267257,1.890720447553725
-0.8983561204456731,1.9878937580217215
-0.9212809945337573,2.105743198886992
-1.1284243781114793,2.030632180031535
-1.0657770307558483,2.0504843948641343
-1.2217204581096326,2.150631089632919
-1.0071038926751374,2.072448565010138
-0.7684320582049702,1.9892070728458362
-1.0917757897308613,2.184889240255115
-1.0926404211350458,2.0291844358686686
-1.0962968239734512,2.2357953935966615
-0.979052481577103,2.096420625172747
-1.0093321224627938,1.996534058115356
-1.091047553798233,2.284274392395196
-1.068614230869152,2.0003478263298593
-1.10140232379716,1.851754114147323
-0.9636235887970201,2.3362607876576638
-1.1599172850680672,2.116509333514001
-1.012974274136334,1.8822665539818542
-1.0507794351188227,2.066386385251832
-1.1273548723546798,2.092419216329148
-1.2746074079849485,2.016986720750896
-1.0003812072907505,2.069448612009596
-1.1840761437881004,1.8976909839955225
-0.9678913876059148,2.1642174112495973
-0.9327757255078095,1.863988497314183
-1.117561863181115,1.8843526517719067
-1.1489104619187664,1.767316244653704
-1.1376900533846537,1.9504354675868867
-1.0938086598827965,1.8034877146971702
-1.0794038582342345,1.9631454347031132
-1.1622684817514974,1.9169793646927575
-1.1780347492191245,1.88135460086772
-1.1659341982427185,2.002091103300661
-0.9602826765142237,1.9538856447753776
-1.2144858243550238,1.839457087076617
-1.2172795687055207,1.9665670819640535
-1.1433026884295991,1.854126383537012
-1.2182651538058478,1.8686192924811278
-1.1155667076810587,1.9070952936070853
-1.2545291878688014,1.928249809679905
-1.2356786905755357,1.850443244857368
-1.1730652010355722,1.8775401968767602
-1.167227835055478,2.0393463081637826
-1.116628658638443,1.8259883639230634
-1.2144672314592295,1.7986261877087146
-1.2329606809411258,1.9350604163500904
-1.2247473291509547,1.906405419610569
-1.2496574752171523,1.9776439688374094
-1.2957867440604314,1.8738908289775849
-1.0489863163994368,1.8747634187339917
-0.9626917026620119,1.847718442194377
-1.1726125718275213,2.08284049698838
-1.0958333414004058,1.8115302899105807
-1.2408138662314099,2.0399221691425033
-1.1442301990876245,1.9209957255157637
-1.149711011426455,1.9260565670608754
-1.120652722937832,1.787848836247097
-1.128910160663116,2.016779477571965
-1.0901241277048037,1.9378627432057687
-1.084425449415641,1.8328572229218527
-1.250217677419985,1.831815885333832
-1.2797562731865475,1.8246784944345789
-1.2587919793882043,2.0429103950661927
-1.24328189894616,1.772216655476009
-1.1727399298816654,1.999016349998116
-1.267074798449158,1.8841210994604745
-1.2282948392215958,1.9617165283945062
-1.129891413048377,1.9451422928625013
-1.0729921185016946,1.913553139696203
-1.151809851895296,1.914675386119815
-1.2247808763077401,1.912923955171591
-1.1443950836610854,1.8728662095454056
-1.2318324256889024,1.9606071235988811
-1.2262141155074053,1.8362986162761326
-1.15865803356728,1.8518615297497814
-1.2621248611079687,1.9139808129614104
-1.126715292223232,1.7855103501488108
-1.1185409899825878,1.8500954033543635
-1.1632716642862244,1.895979006621416
-1.2885131597728268,2.011922395982738
-1.1939988237314199,1.7090396023113335
-1.0474708805434314,1.715873721856036
-1.1502931837540855,1.7752982441179121
-1.170691669543071,1.8910167256091182
-1.069545360713613,1.8184208951841945
-1.2017213846331403,1.9422526885352571
-1.156484756712293,1.9245438627816718
-1.0990681806278713,1.9121844889396262
-1.1111448199943417,2.1427281995149965
-1.213365747681203,1.8635592485527965
-1.2952854660079935,1.9409256208798453
-1.2527743533002715,1.7757047964771102
-1.0680372414898291,1.769495069397782
-1.1291152792063137,1.884089276611891
-1.1323145789858675,1.888347628968862
-1.2386526224703496,2.0229223452438236
-1.147481592931723,1.9920212142191722
-1.109858438120503,2.070916947269791
-1.248250198491427,1.9552888969658775
-1.159990122708453,1.883658445935506
-1.0960440201380355,1.9098909817121066
-1.2043173143885681,1.9349790362501655
-1.1893514105046343,2.0218979866642237
-1.2872973472907312,1.7585447576427258
-1.1855487308306525,2.0650227958458243
-1.2383576964632437,1.7995913937981862
-1.1618530357513395,1.7049908791208992
-1.1452480910535945,2.0446069365727664
-1.2159997634268642,1.6259419208993604
-1.2541983180709069,1.8223735310788605
-0.9255740131282513,1.5942262045265627
-1.2874252257267444,2.0299613237185183
-1.143142332014765,2.0293770436578633
-1.121850704219549,1.8590620564660032
-1.1210651600353758,1.9943399370391366
-1.060779449056837,1.8842287031216267
-1.0376982559359393,1.9733552898958986
-1.0855014897966004,1.9345663048586057
-1.249577583378894,1.9404429715104743
-0.9854266311847734,2.0218323544969876
-1.2258969186398125,1.8665997827183958
-1.2965697527289106,2.124108279506453
-1.114024175803018,1.7340312766357497
-1.2903776837373564,1.7860986253318958
-1.2494628391062055,2.060146118352325
-0.9922763575047368,1.9605253364990523
-1.0047310064827968,2.1128486468715555
-1.2248453035034468,1.7120028774661544
-1.2260185965734465,1.9208277316083118
-1.1248019620130103,1.806247096048178
-1.1208033150807282,1.7627595536317475
-0.9710627776289413,1.6352815500157787
-1.205822732540832,2.0327023940840747
-1.0462748941673596,1.9393657670520694
-1.1226315054165317,1.9373118710740682
-1.1202400823238452,2.0534341416678017
-1.1847212750797909,1.7625332979930868
-1.1338153334222447,2.0384096940549505
-1.2578828896017873,1.9591613899086584
-1.2202285967405502,1.9990503511232625
-1.195842496817108,2.0611386088570267
-1.2347146147598105,1.909127725745936
-1.2416980336732453,1.795220635499723
-1.2096476996557246,1.8400312760617425
-1.1758508286143532,1.905825320798851
-1.2866268727359942,1.8807006298669218
-1.0976615050147633,1.8987580842576002
-1.1792889943927245,2.0554327121439
-1.0429862249778212,2.047841627658459
-1.1456940766790515,1.9865857167204202
-1.1922563588328496,1.9819402930201768
-1.1006043360733602,1.897749182423332
-1.1665797851966684,1.8809198797677937
-1.0041818695404698,1.8144130703497172
-1.0786577742652608,2.049619534390563
-0.9486561958177624,1.8423028143752311
-1.0401262149769819,1.9637008395009863
-1.0649826733238366,2.0131166307789625
-1.1532007835588804,1.7290064490966408
-1.2490411459337816,2.026566724613199
-1.1540737144366686,1.9373095196070507
-1.2297414453236537,2.0786507015656506
-1.1223344222161127,2.0030627630362416
-1.1335794956211247,2.011949088332727
-1.2158687237243626,2.083367417902983
-1.2714680761819899,2.0852654957720307
-1.2932859110734256,2.10109226699546
-1.2282200731322868,2.053427884267169
-1.157825447695004,2.0406865263669554
-1.1627522333215183,1.9793675542670506
-1.2452036708998728,2.0666428733618054
-1.0926127084258386,1.8926616161428855
-1.1841802138251045,2.1446594225735263
-1.2735494302607986,1.9688349302216652
-1.0588821647260191,2.2013810217838023
-1.1780281471570726,2.011079617534118
-1.0969778326027295,2.1517046326079816
-1.1090765208040896,2.1574142247803616
-1.1106395157280151,2.0471986460742517
-1.1652635736158605,2.084920767106399
-0.9912833322580173,2.12788266448715
-1.1225620884214178,1.9838637531108556
-1.1948592815549681,2.1935494310785564
-1.2107423056047253,2.058529033395243
-1.1958380007227336,2.05483607093895
-1.2080841309518338,1.9824165949173327
-1.1291901231672699,1.9974206863855606
-1.1694678429856675,2.0062912169974423
-1.2664246835865027,1.9922860029476264
-1.1182630659418829,2.04386341939522
-1.1890248019557055,1.900095006039837
-1.2079125040905063,1.9941304316254784
-1.177241505412757,2.0074554604311623
-1.2689740476541296,2.03283010462707
-1.1861095513454267,2.0748462537671113
-1.1270899143563067,1.9731130163534256
-1.193090004328254,2.0720612963635965
-1.1836039557548559,1.994482251392415
-1.0916101846491195,2.1612035367751132
-1.1748984635848871,2.067928097248621
-1.2492873805942948,1.9111765564036765
-1.2057440949477807,2.1992204911186306
-1.1053679251065907,2.0614507742332373
-1.2200188672239585,2.0149093065261767
-1.0897901389286435,1.9153499039994433
-1.1378351739341923,1.9653420384615947
-1.214477485563602,1.9291676239853865
-1.2397951477543638,1.9977050199236432
-1.2086306266706615,2.0718771261723328
-1.2124310055624796,2.152528787037869
-1.1929396318439112,1.956813977975456
-1.184230749645812,2.007607990253753
-1.2729773613468982,1.98121342406096
-1.0722256677729867,1.9827894582901016
-1.25866219752503,2.0233437256042794
-1.2022088593580862,1.9349713381280884
-1.2447073756801645,1.991664702816705
-1.2661049381574583,1.9356446185518006
-1.117488524951183,2.0834942848603912
-1.1246900791132277,2.0548103412419993
-0.956472429947687,1.98864229155476
-1.1597992749517323,1.8907744286200336
-1.137924950893714,2.037009147579057
-1.2738205736024095,2.1609027317166953
-1.0015756493667238,2.0237738179073834
-1.0677864029664221,2.148899448845797
-1.1256334774969277,2.0033960710320216
-1.2453526957936973,1.9200501842764248
-1.1979270633445112,2.043428890860505
-1.1858538343482135,2.1593983896622464
-1.2440620107627651,2.073356704425442
-1.061708886314058,2.0556264860342948
-1.218035840629458,2.2124457774760997
-1.22511957960094,1.9703945879353932
-1.1727027458291688,2.041728925955101
-1.1917815561909393,2.0717707138214068
-1.020663028139615,2.2640987642324095
-1.2117709236559,1.9799861095970468
-1.0679862755662688,2.1713307753711355
-1.2667539830419334,1.9910493127777593
-1.2106254881324465,2.04585352581362
-1.2533138984382326,2.00270994140217
-1.1703538376870284,1.9787643868916567
-1.2242330156172927,2.126136982271922
-1.1674278171662011,2.055432622510438
-1.2762231972338058,2.0036485199338623
-1.2569693767282202,1.8519249594355724
-1.2640489789716716,2.00435679341605
-1.2607743370186326,2.219619224102648
-1.2147746997811273,2.0021404000631318
-1.1806026632138482,2.0256591852889017
-1.1428464829044231,1.9991977030402415
-1.1811322332384542,1.969620430538946
-1.1564060336075914,2.1736700011310894
-1.1340632775827528,2.150266872208852
-1.2846057921337406,2.1418046677722535
-1.1885724259196038,2.0635181627279353
-1.135272198181316,2.2234349894030063
-1.2826705146631234,2.0703655785265758
-1.2848528836659887,1.9563229538773825
-1.138211057985984,2.0123066285515256
-1.2455360621223506,2.084070563656802
-1.2728558059884634,2.069796289053698
-1.2325730115476798,1.9751425730203265
-1.1628793164741047,2.172895097542407
-1.077588282723476,1.985247973405086
-1.1960725839340027,2.1533372158462507
-1.1379604493174214,2.0535095438737208
-1.2633622559384807,1.9989955677837905
-1.0518430460585122,1.975698579197968
-1.1878862114922544,2.152737855047492
-1.2055788633410713,2.121140411275913
-1.2158373034592866,2.2150333814506387
-1.2175028833843966,1.9953778829753075
-1.1657888554390592,2.1937599276265702
-1.1582522044548835,2.013137091754434
-1.1383820222211718,2.144322816702456
-1.1078300053457304,2.075091511526527
-1.206714506657332,2.0111850205017103
-1.2878625555890093,2.065639528763417
-1.2302028026811989,2.0935495068124528
-1.247271773722366,1.9504869749304885
-1.019416105640482,2.0572423288762094
-1.266060594028961,2.089674943758198
-1.1482753355718862,2.007714609745181
-1.1186267329619135,2.051608818748846
-1.2561274683152936,2.0914446882053968
-1.2073806848004112,1.915406536799488
-1.2198748614636843,1.9503986493336734
-1.234111181529586,1.9947920341989174
-1.0792176079527205,2.037159930429764
-1.0630524338589025,2.1325997446897733
-1.1937619581388879,2.0101554292969963
-1.148709734686273,2.2134176334356375
-1.1695255338233506,1.9908639376152286
-1.2580817568251241,2.085978902126233
-1.2900578537637877,2.0306134287955087
-1.2401647453744795,1.9490660795491026
-1.2830971183430835,2.1316491711808196
-1.2105556142257012,2.175182813420204
-1.2047379093538408,2.0280883957732367
-1.2105697597538765,1.9763214903328066
-1.1810171572337704,2.2289471800772445
-0.9629805698197316,2.082561534701908
-1.246360436034681,2.0029046657300045
-1.2412687096699555,2.1022310024373976
-1.2766624704115697,2.0431868711969368
-1.2112725687246364,1.9550041242233331
-1.1963303967540146,2.081637985900288
-1.2547598785420928,2.081122503329279
-1.145077465366227,2.239144191651307
-1.2080281418962784,2.0774157966494475
-1.2507784727917615,2.143045439567807
-1.2942773331112498,2.2009910576399947
-1.1556474168712492,2.050290736834796
-1.1280419773329922,2.0744313598690787
-1.1346942675804303,2.0869912938531363
-1.1729615539082456,2.0488310392150657
-1.1797379997165673,2.1415581490523796
-1.1000169244811326,2.1225861233854095
-1.1681077286094483,1.954058455991
-1.190049335034126,2.2079332133967347
-1.0839045951509605,2.017296888687208
-1.1049835036750868,1.9208907434263687
-1.1955451335082083,2.16850322404765
-1.2047279586062063,2.143649639458428
-1.1857160025262388,2.0177166820968098
-1.2153980573325123,2.0061097031548623
-1.206447831757548,2.014690299066073
-1.2973863473839153,2.025197465822471
-1.2282883668292948,2.248414880267119
-1.1248273117596121,1.882370895279469
-1.1413415884193518,2.051743146651022
-1.2967704710233783,2.0568760156890864
-1.212633069279929,1.9370985824581743
-1.2724910450279516,2.024635543789744
-1.2598294508693608,2.1539223357584723
-1.2093777492465845,2.014135710897456
-1.1513755951722637,1.9257413048160676
-1.2765582218322766,2.0700846165864797
-1.2539068147506949,2.0878536728422965
-1.0882879311921818,1.96695618249555
-1.2458706046374703,2.147059481008732
-1.2657924022492177,2.162802710126844
-1.1490877312626162,2.0465081926195987
-1.149513720860467,2.0488103495765277
-1.253094707810467,2.0302848000689693
-1.2653973974575201,2.201046997358967
-1.120775106126489,2.242956888080002
-1.2782294237121277,1.9632552638830851
-1.1527024530559413,2.1798716932125632
-1.15915680372108,2.1545178045730276
-1.2024360752560557,1.9705533395550516
-1.0609333505303213,2.0817291390616077
-1.0641359268650417,2.0232216208334974
-1.194444174464271,1.931743871692801
-1.2381650962397786,2.163137445645225
-1.27936809606124,2.065141834401502
-1.2456192731231073,2.1173664021161027
-1.17508346948615,1.8364550993165958
-1.1695551741509416,1.9788160497000893
-1.0793680167488435,2.0647183480379185
-1.221125310224716,2.095663354043076
-1.250964396351486,1.9723090203717533
-1.1401439422266868,2.2238187340251083
-1.0792194997387328,2.157030788856337
-1.234408488623632,2.0101959732441315
-1.2682133485978229,1.9319759152555829
-1.1238319089425521,2.069081664815166
-1.261854069454323,2.0702288998366414
-1.0818893460338919,2.15841700940277
-1.144480787970828,2.026714893117644
-1.1487697568121067,2.114541052742104
-1.1816672246176254,2.0607602243330287
-1.231680153585524,2.163787784832125
-1.1823235548757471,2.0316925495147915
-1.2249259052207997,1.9658858420883565
-1.2883405018471816,2.0600351793817455
-1.1586783618818353,2.095457523525662
-1.1950237690001222,2.169828080725688
-1.1805432049917979,2.0992897663794476
-1.283946458628086,1.9350250767815507
-1.2813259241113926,2.233373176548214
-1.2576263809201391,1.9906420516262178
-1.18018141009201,2.1728187326060304
-1.1272317414377269,2.2584193466783455
-1.1046575481804832,1.989153134397324
-1.1578380553172927,2.184448985816357
-1.2139843261702674,2.1637981243793196
-1.2693387151180366,2.066790119874954
-1.1022110715206646,1.9974899803558634
-1.2593714492872081,1.992339850205753
-1.233372501496367,2.0647029522290694
-1.140810256471979,2.1024077794556013
-1.2827111288473498,2.03198484515781
-1.066554984639184,2.155501647166226
-1.0588525390434587,2.0460788219014723
-1.2815879192741197,2.171075824021925
-1.2577009677175246,2.2728705864581533
-1.1988212785708865,2.0528576542965227
-1.1732644296797752,2.2502297827779407
-1.200728032529526,2.0314674245070448
-1.2924440404715833,2.1212683758165283
-1.2987833752536047,1.9453935460175151
-1.1702761467362648,2.153869636772103
-1.299393132106853,1.9733632818546463
-1.1342133368292662,1.920115779444863
-1.1855169390557394,2.0805622734642646
-1.2703841379881884,1.8920921184052377
-1.2345425374938657,1.9827162956547695
-1.0993506700502034,1.819997588323557
-1.2813343253903284,1.8301225547986781
-1.1794205851510005,1.949028027098634
-1.1597716492760766,1.826091191682126
-1.2036044878440701,1.7683916892470652
-1.22262654387454,2.007687464610164
-1.2421409225127733,2.0411830076002033
-1.2376378972057036,1.9798328129255112
-1.1504862907030113,1.88053868781486
-1.2836646563406269,1.8328115320835672
-1.2669650410576139,1.8585735407486783
-1.1227520500631172,1.8892935035316805
-1.2191078213197686,1.7311642356665216
-1.2835654438677264,1.9366977257811573
-1.181953001900982,1.7738425437678553
-1.1636583232989632,1.9605574683356877
-1.2902311100947697,2.2196429114719525
-1.1713043673383376,1.8336354174779341
-1.128999951904644,1.8930604622838418
-1.2153477615684363,1.8158715850826617
-1.2576732287935655,1.9305212701091128
-1.241843805813273,1.9073406654353517
-1.2844514340128947,2.1103752449909505
-1.2861148042797867,2.003022778464908
-1.1779190739620848,1.9333709550703975
-1.1104745374925677,1.9750114869618678
-1.2864140105478943,1.903755406864035
-1.2922547021029365,2.092431184828352
-1.1583367660915804,2.053881543255026
-1.198511373677575,2.0118433408666343
-1.285508486580315,1.9043273035104984
-1.1786401108312061,1.9256249654157056
-1.2825726018065746,1.7766671145212456
-1.260895791396199,1.8325051727745432
-1.2264467511584467,2.0481247744645503
-1.2120956268669647,1.978907971978747
-1.218427716915777,1.8614883289012143
-1.2795166630737547,2.0681792913292023
-1.1996097453998256,1.9428421226839574
-1.213505140883776,1.9996952158575727
-1.2821137952908757,1.8242680055351963
-1.1565188149493757,1.9819779641685489
-1.184776445119616,1.9415011371173052
-1.162803612257297,1.9997517909474432
-1.1606217249973823,1.998404086534367
-1.2293309444997382,1.9282768334245433
-1.275718501903745,1.9170166345178448
-1.2532865336388463,1.7481737704849338
-1.2805082019542844,1.9870790931079594
-1.2188758156793271,1.8637241036873795
-1.2461247808283322,1.8996230874025188
-1.137337425242325,1.81754477944196
-1.284453938896739,2.145344167952301
-1.283259850063117,1.9784449359519967
-1.228664399480246,1.7012684558154898
-1.160979422681337,1.988717626071244
-1.2997073627857456,1.9169441536931646
-1.1227540357800292,1.6983928798399015
-1.2284793817236535,1.9717082549528473
-1.2712457443718925,2.0369447169127177
-1.2476808905937704,2.144552914708606
-1.0661498662519349,1.82083560171473
-1.202828291615061,1.8541992890126278
-1.2999446472118084,1.9758758672660388
-1.2815149397184646,1.7911745168473625
-1.2288293212110215,1.8116767262527345
-1.0620958172943822,2.131150636565262
-1.2761100675590678,2.0245001066899104
-1.2960170651239769,1.9280179257507704
-1.186446764781192,1.9164479107307701
-1.2978374383278077,1.9925103403904025
-1.29706224626067,1.9434574592032943
-1.2884312207588813,1.837073129371581
-1.2825076136101874,1.9689124520168158
-1.2670921054492776,2.0909036173035975
-1.2271668282366393,1.8292312857952047
-1.2110224487530743,1.9555733998211524
-1.2633053197238533,1.9581577801787577
-1.2837424626144527,2.031147660336483
-1.2466761435752867,1.9258297408114924
-1.1605726539958936,1.8853594998271297
-1.257642839178493,1.9929961133289813
-1.2389568369261401,2.041093819488595
-1.1278310653926458,1.9022152022641574
-1.291850901574641,1.777994992017261
-1.2962075428826791,1.944595398937527
-1.19166092776433,1.8434457057171747
-1.2188499646877142,1.9447448279433226
-1.289790726148612,1.842585294280577
-1.2709001264235185,1.7899044030371418
-1.1967871458932753,2.0261813498402166
-1.1629023584456273,1.8955512712997336
-1.2547836896153577,2.0411016138828493
-1.2581244570858403,1.9070970976912813
-1.1552979443548008,1.7692111921367195
-1.2584123951365405,1.9117239726589828
-1.1627670329843596,2.062158502941271
-1.2762650202015153,1.9036388471764902
-1.16847759509552,1.9563055918667613
-1.1861436922977044,1.8369891765216024
-1.220029375683685,1.8795103380351608
-1.2433523201092962,2.038834197991191
-1.1344587497331449,2.0548715678585285
-1.2784244831830374,1.924494210816919
-1.1156309131780555,1.8398164662697187
-1.2265416000096245,1.9621731497891675
-1.1647656449709056,1.9273814241056872
-1.1792881354832474,2.1240129485497574
-1.206493042986968,2.101168417672543
-1.214182414202119,1.8553649564216599
-1.1279711542524335,1.9885205925900535
-1.1197103502785142,2.1041222190826994
-1.2567091790314746,2.0466523883070256
-1.1103774124159105,2.042120469233404
-1.1006425123498165,1.9451201941247556
-1.189017179153113,1.9201702472766806
-1.2878779827172244,1.9020679356914636
-1.287461905963423,1.995016128786148
-1.2168977672512167,2.061952378800883
-1.2432563606201912,2.0421459453510478
-1.2971425797586664,1.9077926575688837
-1.212438676509374,1.8537005210112878
-1.2411029867513084,1.745099536153079
-1.2256472828785683,1.8725807619646537
-1.1599218200271664,1.88426202194022
-1.242271756524324,1.81402346019207
-1.2514425657092683,1.9090266367936348
-1.1653639399907978,2.0042241932104417
-1.180519636780282,2.025813616971147
-1.2247165402223328,1.7831996851851568
-1.2696245421675174,1.9170319363621788
-1.1616330907497956,1.8319715155654512
-1.29502976362361,2.0565494526382033
-1.147496627297352,2.027728385983622
-1.1927359061500153,1.790007343194038
-1.0394773940319968,1.8602263298227857
-1.1101698558576885,1.9822945510561387
-1.2785392314132016,2.0577170492904195
-1.1631774575055096,1.935807014837198
-1.2484158933219802,1.8776571916904334
-1.0486123933048603,1.9216704710008194
-1.2931675872308523,2.0156174937381044
-1.2888890282236065,1.8883679549003856
-1.1874441564620397,1.999589712590775
-1.0877166631116197,2.0021377439194876
-1.1757154854822125,1.8197632856721833
-1.202262420278204,2.0118655619322854
-1.2476316246240775,1.8820704171833214
-1.271587763335384,2.0088789836841605
-1.1090401823900042,2.0576162815442514
-1.156960656477163,2.0910244514551017
-1.167401361988448,2.0245862815080775
-1.1648242363435461,2.0283218492493
-1.2072314484545865,1.917794908827888
-1.2136718670508362,2.185895840847944
-1.2711104312047838,1.8004315070995431
-1.1187184072833054,2.0356309193879634
-1.2805625162291565,1.8931046064658879
-1.2530412914344538,1.855997340957555
-1.2818502837542243,1.9579283846168982
-1.2785689111254286,1.9454185908574955
-1.1847176796370542,1.8808622326285063
-1.2134790118063232,2.0671827834893324
-1.132879353013627,1.9200436663408644
-1.2747739443548665,1.792288237421496
-1.2926025112640172,1.978539310091884
-1.2410914247165459,2.056531900901579
-1.1776512698474648,1.8945288282749038
-1.2418739849441736,1.9971342021441922
-1.2077893132154225,1.9597649272288467
-1.1951602901784477,2.0371753852502597
-1.277543615133577,1.9143534785797187
-1.0738483588995487,1.9855862607375192
-1.1969000266815448,2.0336864670576342
-1.2756186457562761,1.941490776076975
-1.2880802851861761,1.9217741194077547
-1.2791405259420496,1.9670204908306395
-1.088748068756015,1.9051761464032728
-1.2162267680894772,2.0296537379712034
-1.041155261705091,2.0253069538153863
-1.2703671003667685,1.8823623439305628
-1.2370767407623053,1.9766439589004745
-1.2162720072926456,1.9768454163543685
-1.2196677446035398,1.8144428347720518
-1.1990426219350938,1.930411290035586
-1.0576766406839453,1.8599037635878204
-1.2607512945754566,1.9639830875521587
-1.2915697768505456,1.9206569454992215
-1.1935911486883248,1.9286936787124245
-1.011982204466721,1.8359903873305996
-1.26063028723736,1.7987031078580324
-1.2573440374873697,1.9586992556267593
-1.2382242441511135,1.843485145221268
-1.2819340966231614,2.0791131573519994
-1.2500594007194867,1.9119095182257637
-1.2640530391518807,1.9969936093505019
-1.2153562101996211,2.119931057511245
-1.2439588204719294,1.9507043250080978
-1.2065305861286706,1.8179139082896327
-1.2938970505084706,1.9039368894135258
-1.1523653926070359,2.076898800693691
-1.280433434510309,1.795353257485452
-1.2784049561403668,2.0761796786852913
-1.261112850030453,1.9906223965514898
-1.241324160825361,1.8918069978623464
-1.0715531092828754,2.0420842461104503
-1.0284747484615766,2.1199120734125145
-1.142421199001279,1.881822055627779
-1.2650900915986314,1.8648006903320824
-1.251746636836322,1.8932480168828754
-1.19094749639462,1.950245272445399
-1.2319101412330542,1.8749337171097131
-1.1569401418034428,1.8635752131716763
-1.2666916770049335,1.9326415819452283
-1.155840925949358,2.0333068568963535
-1.2090562973216048,1.8281314466843843
-1.2928195982095678,1.8062895555258736
-1.2500634158694208,1.8727929101019263
-1.260357843565476,1.9503302566157432
-1.1674571150756252,1.9640015193126856
-1.1990990431896233,2.0647938617224204
-1.1821959827715054,1.7905369915504052
-1.1953430504590923,1.9982744555005083
-1.2885228254789225,1.8159230557952932
-1.0165924759885296,1.8771241236512712
-1.150954878429507,1.716462026555947
-1.2905702937218404,1.8583323811820582
-1.1737875298133307,1.9981152974042073
-1.2486843881252656,1.98780299480804
-1.1712717502118428,1.810087919898078
-1.2096810010938717,1.865289390141319
-1.22418622236549,1.7157246742142536
-1.2502166894372204,2.2339679092088778
-1.2550297865127085,1.9159225578795949
-1.2318199613140897,1.9671274727291892
-1.218878701814303,1.9710142922030685
-1.1979342146515095,1.9639917615832112
-1.2762837665061892,1.9783299415597961
-1.2637143981365655,1.9475464652096153
-1.1199088941028417,1.7687011914179562
-1.2107301208142054,2.0435814677152955
-1.1712167061765866,1.9447935709386126
-1.2522293222894756,2.0095560319091113
-1.2613665572543027,1.727922902314879
-1.2977740467184977,1.8863923755201661
-1.1893896037993943,1.8646501826991642
-1.2736046276583946,1.8254447515020689
-1.227663578773365,1.8907597690003257
-1.2589011877260405,1.9733564822423457
-1.1657202221657028,1.9747078353263043
-1.1338148397089762,1.8430486124586316
-1.2718020859738572,1.79742183410424
-1.0857639310026599,1.8421398056479075
-1.2525370195516083,1.9327100755479718
-1.1173536741647334,2.0489615460639428
-1.287299682418198,1.837287312171208
-1.0899601237124328,2.132029707810629
-1.2453211656282057,2.0801998335288086
-1.2489201298008668,2.013344558939987
-1.0972200639524268,1.834375276539209
-1.2763797378527326,1.8169873142016042
-1.2307690774048923,1.921999449486973
-1.2880052756928109,1.8402199842513123
-1.2245533138585882,1.8806831606324574
-1.2424542678768569,2.027410041362784
-1.171243109497636,1.9420740853895169
-1.2887169085523242,2.024173489589666
-1.2813624123488123,1.8740420745076443
-1.2567965436127424,2.037199714870558
-1.29298993367662,1.9839055434252475
-1.2526523967067056,1.995045445096841
-1.0350539507402443,1.9932153515792215
-1.2649340030310194,1.982416753994356
-1.2462412845358097,2.014321523928361
-1.2735227006856527,1.840228803856822
-1.2744123857188308,2.015921094023818
-1.276277151055643,1.88306440814591
-1.2453090593482452,1.8598858336448738
-1.2841041630536412,2.0758349369790983
-1.291053854949043,1.8817685370194295
-1.2609833450569141,1.8934306941177663
-1.0576952299705182,1.966468525382016
-1.062646196337142,1.912783856599795
-1.259576247526219,2.0662021817188148
-1.2167157287806116,2.181650695603634
-1.199584812495592,1.9568715964439432
-1.2662431938733358,1.7587932453191166
-1.2316162344423298,1.992334294132516
-1.0205564381006258,2.037672296729205
-1.2138780595961554,1.8756408161594342
-1.2001846304175492,2.068796331410096
-1.149183039699203,1.835931088285965
-1.2769860483514974,2.0720233199097855
-1.1732120920504057,1.9711809679494023
-1.1610540993910443,2.068583755141171
-1.2577233243265997,2.0323066173669493
-1.1631243548940133,1.881913564791775
-1.2167503400116253,1.922687591294347
-1.1631007021985926,1.8619019054493975
-1.2942233007083883,1.936469131623203
-1.184397645781089,1.8663104691656796
-1.2539789426652272,1.9449725514158114
-1.2499094756867604,1.8321436695226048
-1.229468704347336,2.0175199282846266
-1.0430300073397856,1.6535401803197987
-1.2023635206518792,1.9471939799708446
-1.1829899761778477,2.1166114534309273
-1.2407366530518134,1.9260327047229278
-1.2347000117728197,1.8895046711996524
-1.2070583579050098,1.7806616503702846
-1.117352336559132,2.0088941018867676
-1.2635239657698678,2.057084864944756
-1.0677258486769687,1.9845540124630243
-1.165187631867114,1.9121049833223496
-1.1901889632778258,1.9914615124467765
-1.2714435774755217,1.875377178159113
-1.2797438788940114,2.0059627585765067
-1.298563746786933,1.9994583289775556
-1.2811437578939904,1.8948327152941398
-1.128205042265687,2.0833227962707603
-1.236966983646488,1.9310738552572655
-1.2775674637475833,1.812903923154258
-1.162426504630178,1.8869628696825287
-1.1844193135214993,2.02063308645355
-1.2486784612968882,1.857166191487686
-1.2755397838914007,1.8397395339787497
-1.266502584345535,1.9948400626543463
-1.2900125890475822,1.9702043451166606
-1.1686852253755518,1.9644479377630626
-1.2481932787871741,1.7659357256695238
-1.2220472416935686,1.9442959114393075
-1.1343869347000153,2.1475037967752755
-1.2607658203043823,1.885302882926748
-1.2178065599105785,1.7982716394876677
-1.229675139892203,1.7692857657163357
-1.2252338422124285,1.9300299518132364
-1.1650642539180154,1.9965454712769188
-1.1652296174779952,1.8660263301136455
-1.1941360613010155,1.882587001189662
-1.2371010637454762,1.9131851531415598
-1.230758358406125,1.919253197317008
-1.2673798324254943,1.9008885940858966
-1.2489334960257303,1.934761857693203
-1.2458647783049719,1.8351115707545942
-1.268227662477164,1.8467015132406606
-1.278448809539611,1.9147508812586922
-1.220169285530955,1.966864401539973
-1.185202144622506,2.125799587435474
-1.2522517414766972,1.8319266524278688
-1.072266959890229,1.7029910541831104
-1.2804847731955196,1.9356598724798353
-1.2796025093743035,1.8281410815098649
-1.2298038197037486,1.979664728302375
-1.2981173671990456,1.9012401084338602
-1.1664111585408585,1.8053242303445733
-1.2441044407055852,1.7395030011361527
-1.1534642564009558,2.143712547399333
-1.1815450535539387,1.8965113398359166
-1.2888125698666184,1.9444432036838781
-1.245776257125475,1.8990952466575945
-1.288933132904922,2.048943368094573
-1.204768483102689,1.6468271799840228
-1.2307233852034056,1.922673497821599
-1.281855737365113,1.8793761514064649
-1.243644259682628,1.7794095155734684
-1.0857501493766675,1.9354686224871673
-1.2937330031875347,1.7103290013010088
-1.2281990833839127,1.9162865214172198
-0.9951779933069937,1.9598756703917493
-1.2210266570336072,1.992228976957492
-1.1265560753538466,1.9078635825320565
-1.139703704370146,1.9515341842584468
-1.2961737110387328,2.0923189930240493
-1.1519805911599181,2.0044458034869734
-1.2554673083344827,2.0653649324331367
-1.1252649039193463,1.9768945712716635
-1.20705654238445,1.9794284395180763
-1.219048460553916,2.1483668523714705
-1.1836834902930549,1.960085945566964
-1.2120589054166873,2.2645316187883977
-1.225318571220611,2.0478694123391197
-1.2787411554610393,1.8985965415428268
-1.1322138641306927,2.125439894008659
-1.26057150866686,1.9518473626880615
-1.2966280096158649,1.9174687559089203
-1.1681213432952249,2.01267571765502
-1.0743981779712473,1.884468001737431
-1.1636574341253405,2.05218622609259
-1.2704287871357005,2.0605831644062853
-1.1710657095904866,1.9995170854241322
-1.2653295259486164,2.0050126601198475
-1.2011242025425692,2.122570422648012
-1.284960220564211,2.030569340489241
-1.236106522248275,1.8856153154013595
-1.0850231676125583,1.7428037838065256
-1.2884023244126854,1.9462235573442856
-1.1390570297477267,1.9465591069339143
-1.2717420544539395,1.7748882182660932
-1.179378692293933,1.9552957568152933
-1.287162310687253,1.9541321870831543
-1.1719383557694474,1.8562773879375665
-1.2417624265144827,1.785548780063811
-1.2671867605882987,1.7844494630634047
-1.2157574546107666,1.9556933159092813
-1.2392722994383563,1.962079365068611
-1.190858467090838,2.0387334520332328
-1.2006454690704504,1.9649516608379525
-1.1377753680156248,1.9153797520974207
-1.208278801917564,1.9182674894662257
-1.2052012027077201,1.8358029955403372
-1.219606511908234,2.038471709931224
-1.215598399254443,1.750061908566863
-1.1274460446045456,1.9285691762005723
-1.2419908334874856,1.9319371724643126
-1.236800678319624,2.0671332902024178
-1.207215891609674,1.7475437163008494
-1.2413837121230415,1.9774228298533398
-1.2406502931483643,1.988736122627498
-1.1802931778620982,2.008822517567216
-1.2348667332058232,2.0208922888475467
-1.2981015038340307,1.8910466128390726
-1.165737674830064,1.7438431185600838
-1.1836459620925326,1.9939309007400574
-1.1606310143044183,1.8099062440721072
-1.2933950024793814,1.9045341074151423
-1.2756179388695865,1.7819400370574503
-1.2621578220323584,1.9881031934004554
-1.2817367403288469,1.8773636219568954
-1.2708305911697388,1.8669349083619566
-1.2568367710220127,1.9090218916448765
-1.206637417716099,2.006098605034639
-1.2566608457359585,1.902158280676461
-1.1637566104214674,1.8631778249865227
-1.2833339263512755,2.0973662164473366
-1.2713893376114016,1.941627685339717
-1.2557808228364653,2.045966811446802
-1.2892444236574714,1.923496940800409
-1.2323662564772764,2.047309979896833
-1.2699172567748251,1.9326302215109785
-1.1754259973998447,1.9065183837333637
-1.2860831957215568,1.9137823991753595
-1.1592544935172082,1.976210055718993
-1.2585574417852572,1.9636554738638057
-1.1952459419771495,2.0479856163612458
-1.2847232155057688,2.0767489633304743
-1.122321354083938,1.8820539560056417
-1.1697565257141418,1.9512835525987007
-1.2085194797409415,1.974883513959033
-1.1455488182659377,1.9529432642913924
-1.253337039347702,2.208798687494339
-1.2367069244527955,1.8761525319516508
-1.2661151930464294,1.9291190293138933
-1.2206856330726807,2.0460259169710118
-1.296699889844586,1.9426397482076787
-1.1393230422812868,1.9173905817208654
-1.0945137473532265,1.8891382230961737
-1.2792200288952265,1.8712310775257517
-1.2434504065048688,2.030771452900733
-1.1151218256732882,1.9895169705118443
-1.2683002386492046,2.064489314002941
-1.1724238942922816,2.0043805290301115
-1.1379714085787498,1.8469267647542371
-1.2997421620416516,2.0427593080884145
-1.1935868082206564,2.0838380630422555
-1.2911639699248436,1.9063247304575635
-1.2060775682849598,2.08162168538141
-1.2358799380915106,1.838761589820821
-1.2405402326949428,1.9731208445256034
-1.261803335084252,1.85296778426983
-1.2843506234150395,2.0267875066616003
-1.290799229334435,1.8656251705738616
-1.2419021447860041,1.8546820296516089
-1.2352431230977474,1.971755323786471
-1.1941705223226549,1.8649323428527906
-1.151088430909525,1.8132012519207903
-1.2805231248014308,2.050235629880228
-1.1811708597075667,2.104026107343852
-1.284445955870148,1.9496725995465367
-1.2136130549471342,1.8779417214162062
-1.2389808130668467,1.9348106419035178
-1.2321730117637928,2.0083512969671
-1.151344441415487,1.8300997822013263
-1.14841741400605,1.972012823580933
-1.2694132548130923,1.7804973888823767
-1.1664502591195482,1.9131623826907451
-1.234626682309277,1.8954334600516123
-1.1865206877089587,2.022654572496547
-1.2653808305666463,1.8181057794327065
-1.2866056458616841,1.9245455779747165
-1.2861573486418092,1.9804413121983326
-1.234265854355731,2.057862348398703
-1.2968897200467226,2.057419406966063
-1.279690277562717,1.9959839733324911
-1.2761091312951125,1.9387324105160342
-1.209472730367473,2.149070933689171
-1.1615869864151034,1.911249595628379
-1.2401605878750943,1.9604363035082084
-1.1403767253645654,1.9402290550965013
-1.1971688299949255,1.8073797814094834
-1.2615084651943307,2.0221292083675735
-1.2508068982674272,1.8182649827176334
-1.2319963674987873,1.8716212903140423
-1.2629543252681343,2.037290308331602
-1.2458531492116223,2.035423668974598
-1.1231418028099696,1.9476068946620666
-1.2470885157508358,2.0401989735418775
-1.292018997165614,1.8845037491571128
-1.2122596656429057,1.8949112397575278
-1.2696102070270916,1.8442132688689439
-1.2699235278547993,1.9511841625451745
-1.2576098573886603,1.9089945663387657
-1.247694157565141,2.1104539513659186
-1.1561970630347207,1.9482228858473805
-1.129763202182251,2.061196784219299
-1.2979795217897832,1.8369875940315579
-1.2205430614855406,1.901395413711371
-1.2564627801894237,1.923350787973009
-1.2351761287509866,2.0712735090969323
-1.2738356407775857,1.8811412826324303
-1.231024232403645,1.996661288253586
-1.1986969458879826,1.9290054818413291
-1.2146221304501894,2.0483066301274313
-1.260183918989468,1.998012114973321
-1.2884295377902073,1.8579932634540117
-1.2861335750733622,1.8788130066167628
-1.2025464275080715,1.990479909225747
-1.2111033835901845,1.7931860984759749
-1.2340069589720504,2.0868566480943564
-1.2647197413463653,1.9491584713430232
-1.2149773290488115,1.798927800475115
-1.2731110853066392,1.8638523511275131
-1.1475780803344888,1.9694067340688366
-1.0565366373513918,1.9768549831480602
-1.1879864215689908,1.8516083321162529
-1.2451385151097396,2.009515961129056
-1.2300383230969447,1.9045357180726097
-1.256563389892511,2.0539308507060454
-1.185265627603535,1.8149628160475655
-1.2506484662534378,2.145775578660928
-1.2609729362777349,1.8761282585667818
-1.2921758264756538,2.138208750619917
-1.2779883724671264,1.9637854065720601
-1.265432193836311,1.989091325233666
-1.2640288039735492,1.8308450649614558
-1.271281152303835,2.0371668248820507
-1.0663322655965333,1.9325505942718568
-1.2899580183473573,1.872633517442923
-1.2182228479794508,1.93510728378437
-1.1913744063502447,1.9782979715813587
-1.1342024637840933,2.1344483787188913
-1.2058579159827265,1.9304408863103515
-1.1417664041767557,1.9946125480747237
-1.1908689485347457,2.1694637635781966
-1.2408697467507137,2.0816040171466437
-1.1552439351076547,1.935874114194484
-1.263211672599181,2.024322115687157
-1.1529726675338394,1.8134330688017704
-1.267198403857565,1.7448507398929913
-1.1733849053201015,2.0013921001358916
-1.2997754659344618,1.9034657090210987
-1.0908435519625022,1.9352557876304766
-1.0403439962217789,2.037462237018589
-1.200412362190021,1.844513494137973
-1.1973406154231354,1.8326679545760034
-1.2280148273165936,1.9227831975187177
-1.189915678890802,1.8045558905364474
-1.2478757338523772,1.973655339699447
-1.2312788985285583,2.078078745895084
-1.2777985729722408,1.7855376738880013
-1.1154597867315976,1.9537604331033598
-1.2530506421775087,2.0594847550877367
-1.2257229080030188,1.9862464987667956
-1.1688694122656107,2.072385589284143
-1.2486548705083846,1.843042869883709
-1.2816857355243172,2.028296232764001
-1.2379541997274355,1.969509563119396
-1.2811938564432903,1.8621294895535183
-1.2306817020511873,1.9185431105082187
-1.228886053965662,1.902978454384607
-1.1221475899852462,1.9466036357615513
-1.2915884676056062,1.968523312429782
-1.1481182226523285,1.862968173177622
-1.1423859667882237,1.9076612599853668
-1.2293757322383692,2.0030188841371475
-1.296564358252152,1.6623556925158707
-1.2789039803518185,1.894599694287829
-1.2116127366158589,2.136233299837187
-1.2253296182820248,2.0002772277732768
-1.2516023533466916,1.9405711742468919
-1.2673853047439219,1.8023453829646021
-1.2487224552006209,2.0256128048593256
-1.2155397823691585,1.953197387025371
-1.2213833653911896,2.131756836702226
-1.2125983497231474,1.792055877816873
-1.2372151195591796,2.0643260151999194
-1.2625239932171257,1.7856659648612596
-1.2256118110496517,1.9780250545945688
-1.2813604228403923,1.8906761345650347
-1.226379171673658,1.9228838081566866
-1.1128770411223416,1.8526718350691718
-1.272251452019179,1.8346703547297176
-1.1466136142237509,1.9915701422347836
-1.178415884492449,2.007077403260583
-1.211642086578445,1.8239756243201686
-1.2700925826944018,1.8925265929994297
-1.1572889335016614,1.9023016532626644
-1.2616600391061399,2.0787596218384228
-1.0980244307892353,1.9812285847523445
-1.2818952749466366,1.93501659398219
-1.288887948447436,1.7934503713157577
-1.2521174198250873,1.9453457997007024
-1.2835110177987143,1.9394934872021572
-1.2599705956059863,1.9408279090734235
-1.241945375942353,2.0121901232184136
-1.2931819810753225,1.99029249831656
-1.1872975278856521,2.0563281895761047
-1.2305995630647457,2.0675591153771107
-1.2170272361568477,2.0635039829500137
-1.189938105142328,1.8928530015710372
-1.1834924648411045,1.927556115810145
-1.2813372712315694,2.0508964388504505
-1.2057659904102977,1.899812577933121
-1.271604524910131,2.098261605413394
-1.2354185210186588,1.9535465949948072
-1.2903409873789422,1.8559142700339675
-1.166791346960101,1.922568073277513
-1.1955590024037517,1.9475874165269478
-1.2075979564001784,2.0241119321849568
-1.2629982224589205,1.906781440269017
-1.2994906171013634,1.9449726411665214
-1.2296131295464143,1.8318115614178585
-1.2981279292887549,2.049110296386521
-1.2230655462817408,2.0538370839086197
-1.1674283010744553,2.1041918800167276
-1.2820134118722353,2.086421436971293
-1.1627693104879706,2.0225214377874376
-1.1124473473185397,1.9337441308766294
-1.1914113759723213,1.9103885379066654
-1.2105466203178914,1.82884031907804
-1.2539944662507487,1.7133276282553185
-1.2090685023295853,2.0978575599095564
-1.281680473981792,1.8604637459944475
-1.2707959337049775,2.061875332778036
-1.0910900914481005,1.9660653712713185
-1.189756567949105,2.0116636823675442
-1.1850386221687852,1.8870636212596552
-1.212854469834726,2.143844507212782
-1.2987615551957672,2.0285554911565358
-1.1316323573013498,1.9925663912398983
-1.2388971042930712,1.9562994600384347
-1.299738936229747,1.8200849870098004
-1.1930599105766806,1.8153273381786228
-1.1988194820249105,1.934823151204348
-1.1870258447904019,1.8752406133115984
-1.201437955502356,1.996054885318974
-1.289660948283583,1.7756681483836483
-1.2537362741319507,2.0220594399632827
-1.2922157051162344,1.9702700937962165
-1.2921459228454966,1.8761447239914952
-1.1728964811000766,1.9594844435912433
-1.2269742382236695,2.0032115653590155
-1.0116539913154916,2.0048332077404494
-1.064957700464215,1.9823031073562618
-1.2553332961797918,2.080077633403049
-1.218139685817546,2.1126827245647477
-1.2400541046100095,1.765671195274376
-1.2204859405789108,2.00630476285667
-1.2812494760237054,1.9912935485820873
-1.1710660068242393,2.087997481576855
-1.2822388212179257,2.064127432456858
-1.2488626934844242,1.8100406256334198
-1.2707121831772559,1.8557408839272613
-1.1053734942229294,2.2110153036070352
-1.2939106394214326,2.0895918568623975
-1.2528709034045333,2.0323025165830275
-1.206122978676057,2.1390297861709313
-1.1909108580150696,2.0810059830624286
-1.1454405775506622,1.9703243555703056
-1.2954086729651395,2.0486466118509155
-1.2439543663029125,1.701608076484057
-1.2590334949255906,2.031558402660967
-1.2769346195840332,1.9811929719354089
-1.2862852112712588,1.9882905906077
-1.2428183797314212,1.949022495986719
-1.267461656501513,1.9561896306237039
-1.1958641634819869,1.8541936979366456
-1.2217905525801847,2.044752247077563
-1.1509748314986634,2.112950633548818
-1.2215629494729399,1.9204549229359378
-1.1260633220568435,1.6927267062406457
-1.2795295729333558,1.9344347624519351
-1.1253951882509239,1.891975892552353
-1.2078288190805455,1.9475206196488508
-1.2266110206113525,1.8872095327304161
-1.2873435055678815,1.9574362634544842
-1.22459440783763,1.9071396535297431
-1.2962086228371341,2.0731312600587435
-1.2069695592708036,1.9215106430479363
-1.2872384206254828,2.0184623027996116
-1.0199631136397722,1.7928219634987703
-1.2333329501719443,1.973982131312522
-1.2644220650105837,1.9226700493308364
-1.2333544917762813,2.0313146475700856
-1.279147894286309,1.908635835694034
-1.1111464542186433,1.9314992472013681
-1.2884543746277384,1.9748137921611897
-1.0943132049634685,2.015972972893339
-1.1589671115475684,2.0448527839972326
-1.2450183721020354,1.9979945446113774
-1.2807617088927468,1.9426606046627461
-1.1790645488352802,2.106133896390952
-1.254770905114157,1.9421592243951
-1.156037429668037,2.03673098658207
-1.284671777663816,1.9578972279277833
-1.186635205198897,2.0019512100705756
-1.2894038764274454,1.9410581633607826
-1.213315905722048,1.9396752792059748
-1.0937144802852592,1.9966467038524973
-1.2299213319549738,1.9893986942920934
-1.2373318848203814,1.828389950396467
-1.1703058792770866,1.9478916953551189
-1.2517300637084712,1.9897612960386082
-1.2659912264992599,1.936088346903135
-1.1073540145047622,1.996270795426545
-1.2906666907488706,1.9687666258178353
-1.2833014108862568,1.9938541525251656
-1.1458494226933695,1.8578930706313612
-1.2966228516187144,1.8802421808683416
-1.1743441413266302,1.9365518212147261
-1.2670463890502537,1.9400445755512967
-1.231409046437591,1.9935210385290751
-1.0876564622269924,1.9821018375757244
-1.2172327084882995,1.747636718486592
-1.1939605324610403,1.786461028014622
-1.1478525091457483,1.9258136893673672
-1.2573720593183033,1.8537330598813884
-1.1972351734732136,2.035041526793435
-1.1365857719246897,1.9214928555225843
-1.2856319818194648,1.7719701962909051
-1.2450347006909452,1.9356031269632703
-1.2148408243502942,1.9079285103257573
-1.1337714710835576,1.9556989561081968
-0.9809131141189258,1.8485267420350047
-1.2586932455531783,1.7930281266873338
-1.2019878903142351,1.9234828919482436
-1.1800124817292612,1.9951303084581005
-1.260737596554232,2.116068310202529
-1.288267800338324,2.270636624761698
-1.2754639958065777,1.7898269441765606
-1.0811123080963465,1.9523057118297364
-1.2098094696718944,1.989790058961401
-1.2023719968337363,1.984857256552442
-1.1599364898432722,1.9614604820320236
-1.2853162912149034,1.9386055334176218
-1.2569195199104384,1.8318654510935963
-1.2065554627460102,1.9898169103225496
-1.1840649616578711,1.9816021571164244
-1.2878924088999826,1.9862897449049457
-1.1881728712132227,1.9459003308358642
-1.1674770695308998,1.852451178340482
-1.1524096092120972,1.98096180010261
-1.2813075845325308,1.85927671767223
-1.2605033862830073,1.8169806292531088
-1.2618737429372062,1.966983456167723
-1.1903161919684848,2.1154853161907257
-1.287505084132755,2.0898817883397727
-1.2491564789446135,1.8868893802197673
-1.0796576752694504,1.905218734056826
-1.1446025769607724,2.080905801633328
-1.2548845715825927,1.8849506914548826
-1.2133999310234815,1.8600634068150022
-1.0670877935692915,1.870776043663168
-1.279195895684257,2.0328643641372435
-1.2451146408795637,1.933990389033413
-1.2550720834703715,1.8760612936339869
-1.2781536356254204,2.0539468521213817
-1.2905427687609394,2.040340677844131
-1.2556158191412918,1.957856697716304
-1.2892652896003893,1.9793146460496054
-1.2807857990491203,2.1219322991146123
-1.2665829933918598,1.9246711440027375
-1.0342923073682693,1.7517241912620831
-1.2203656078922092,1.9173748345714214
-1.2512400531431171,1.9753442654635456
-1.2359399361294927,2.062597979744902
-1.2336615195668077,1.7373192422076889
-1.2821683179259689,1.8131552026182978
-1.2086266353299302,1.9213018378836797
-1.2776156982619835,1.985488364011655
-1.2815258604879443,1.8077507002328834
-1.292029643295278,2.0175408850493284
-1.2321472621337017,1.9140084053278974
-1.2629516024144047,1.9767445388987603
-1.185062166209087,1.9157996783227267
-1.201499043570367,1.9379986737282586
-1.2389146709525303,1.9235722054435849
-1.129129222502832,1.8925965743656776
-1.2986990642011498,1.7914640663883301
-1.2647090711688445,1.8529110578132553
-1.209987361903454,1.7596608180486708
-1.0231575704044498,1.9855191990346492
-1.2402702552343372,2.0328833003062403
-1.2603458866608148,1.9333577502486123
-1.2213792760998352,1.7397350207337081
-1.2598127322601382,1.8831756498769476
-1.0959034049922574,1.843959581921087
-1.2169997326093123,1.926304756715857
-1.2454052825023305,1.9657356687612888
-1.1678894558567583,1.9313266311574004
-1.232208833253065,2.1084435919086153
-1.1729508404669278,1.8467969218093268
-1.205404797603215,2.027319326295333
-1.1563500337567294,2.0445079699864612
-1.2135807033599895,2.093309008950905
-1.1295000557139723,1.8696319360347935
-1.2080187508167806,2.0356173694587723
-1.2387142939756024,2.099267326434626
-1.2487030557566985,1.9336778164422008
-1.2342531717594074,1.8181135194963367
-1.2692577364906243,1.8463758844749179
-1.1357211312154403,2.1713329642489856
-1.210752984264912,2.0594615190962107
-1.250050734986971,2.025027921659376
-1.1867982968170596,1.9370675747501753
-1.2313103419811215,1.8274572913082956
-1.2146892412113053,1.8083113335730407
-1.26044487173276,1.8811310203484883
-1.2271720073450412,2.088178020192989
-1.2391966108906198,1.7588957274586479
-1.2526837645240942,1.7722639153400401
-1.209533512867919,2.0758495657030984
-1.1962281117594014,1.8982272783213006
-1.2613948765323328,1.9039765816580543
-1.23043293856569,1.8165143347058559
-1.2760260829258547,2.050424114884702
-1.0192626887464407,1.7326153520301255
-1.2002610403524203,1.8432835632300555
-1.25920827011371,1.9152265272777402
-1.2419260629808624,2.0071788592234987
-1.2445085140520094,1.9551341801102455
-0.9420271281064936,2.0478143509331104
-1.2628934376311578,1.9970581456453387
-1.149296328676901,1.9427435249695133
-1.1796750850398572,1.9340129006007316
-1.2694423632689313,1.986538936271318
-1.1070852017401103,2.0719130094054745
-1.1818100071938047,1.9172308911912435
-1.159818595991379,1.971941256837895
-1.0999652061593819,2.0350300049894283
-1.2368630035022612,1.9076428338002882
-1.1793646949264693,2.0407983771532967
-1.2690836045310252,1.9168519071592296
-1.1542392778262869,1.8478953443169293
-1.1541153790646819,2.1371937319395564
-1.2726218519542938,2.0081975460468815
-1.1480479363039875,1.971283138715729
-1.2351494875144817,1.9249686638108627
-1.1087214482101073,1.973378786226497
-1.1910592988912536,1.9790607728343697
-1.240526356249645,1.984023311077121
-1.2872762439802192,1.7674136341096478
-1.1943854979435065,1.9065761128515935
-1.139111587220607,2.094276289145924
-1.2635088746628913,1.9018573861210946
-1.1855707285475718,1.9841420885380312
-1.2872198433641322,1.8991468825045095
-1.2368553154807544,1.8627560256382238
-1.222140102031178,1.9123577681093853
-1.2486130309471453,2.047063740221077
-1.2206837538389028,1.9278523739362146
-1.2539153350449883,2.121860304905478
-1.1309486607680637,2.1218280821496465
-1.1832323811164964,1.8647783535609335
-1.2458539147689192,1.9740358711236317
-1.1487348797171606,2.00587042420205
-1.0429030053004855,2.09161686031728
-1.2346682384737788,1.8090013590970861
-1.1161287044776336,1.7186535445656015
-1.2174156537735108,1.9561726745711132
-1.1424493548946824,1.8360048961539248
-1.27218024199516,1.8626851197705383
-1.1564654141461348,1.977190312856323
-1.223312474702571,1.9550103960952467
-1.175716987233905,1.96507636621
-1.2650472938348478,1.939838376011774
-1.2749248618634825,2.023497286996127
-1.1442154035013261,1.9107019714182614
-1.2350958597141861,1.851291132302685
-1.2027049248845116,1.852396348490317
-1.277582207615799,2.0534826891645297
-1.098326284742091,1.997420321935794
-1.198893523141444,2.045990854871768
-1.1140084142334967,1.9064388768091394
-1.2682093724659151,2.1438351879987487
-1.2656598567833213,2.035566151534549
-1.153822829180416,1.9128372863723364
-1.1776043076572755,1.9430932110948003
-1.2313393971958515,1.8511236079924196
-1.2651808207203723,2.048701893236474
-1.281567070868747,1.8893217319243893
-1.203185595663508,1.810071040386004
-1.2623102478413908,1.8811038630335561
-1.258747204230305,1.9125720613926689
-1.293793415916183,2.0342828250821774
-1.1910674790117435,1.9313315210560962
-1.189493890479501,1.97530096585085
-1.2650035867883547,2.102426488580698
-1.1858489585302483,2.01171795135706
-1.2950686227161874,1.90615512383363
-1.21877789251474,1.9586693143617824
-0.994046310601908,2.005611989295915
-1.2205734482992108,2.0088823234906306
-1.217314027217193,1.899202282607437
-1.0459374419058363,2.0264329101090754
-1.1961770593410415,1.9987534327076568
-1.1551580211137975,1.998649618269667
-1.153568518357292,2.17889156261928
-1.2909304717377903,1.8496495887178321
-1.2675319097036644,1.8617359931707336
-1.1711944290831648,2.012585241911577
-1.284376288661109,1.9181446908928885
-1.154049570439491,2.1094151674856563
-1.2905729067740979,1.7629744361261122
-1.1874806901155397,2.035460628362172
-1.2961849379685235,2.0681910871545406
-1.1727465605635157,1.9161632806888058
-1.2594250419501596,1.9835835510712088
-1.2469101595720307,2.037601527849114
-1.1991860955831213,1.903117296261496
-1.2021483969338327,1.8426533793778581
-1.1879203455871306,2.0372400788231806
-1.2972906767553989,2.0096994286757996
-1.2398344865547937,1.9271228171813133
-1.2434747662660033,2.114992813511509
-1.1614095659661552,1.9975892812813398
-1.244047022739083,1.8368576533922842
-1.2049670369839767,1.9438805527701009
-1.098175037274941,1.991995855600244
-1.2875114819168458,1.9013038968464446
-1.2025276642929457,1.964755964124192
-1.2707229016757016,1.885796787917081
-1.273889169499279,1.914125385703365
-1.1836139857940735,1.8616739904522976
-1.2384072683426859,1.9220459922717177
-1.2879094413532872,2.0942232902876396
-1.2899342413179293,1.9596931299424651
-1.2407870539670685,1.8874397528622993
-1.2670344447762891,1.7600336255973872
-1.2026236756266806,2.046145750296943
-1.1695979243435866,2.0032943660671396
-1.2312021467030982,1.9121999048526674
-1.2833283646457097,1.8989482016881671
-1.262109650435573,1.831828195655643
-1.2577204094898007,1.8313550037133117
-1.2831175548673506,1.932684696399452
-1.2951435682927583,1.9227607622712686
-1.2650927325305856,1.9416710357731475
-1.140084112596643,1.7599024380549757
-1.2031658019851899,1.9083422708732918
-1.2607619012134932,2.0363963755130747
-1.252247090846844,2.0270072037285765
-1.2937141059279298,1.910601604390852
-1.2354674447705485,2.0367543029357114
-1.2585002327066912,1.8269738921016323
-1.223754849152776,1.944541929809801
-1.2552581608150704,1.8122773517897286
-1.1794224537407492,1.913607902435369
-1.1316010688084757,1.9761197000270876
-1.2161629062225634,1.946506564294281
-1.0896080508478099,2.109400420839845
-1.273300327775508,2.072154535071077
-1.0337077380370074,2.0458926678994978
-1.1731262285293016,1.9475580496930995
-1.1650331636838318,2.019684171143448
-1.0897172793459984,2.018047464114939
-1.1616418566000233,1.8348815569658479
-1.256317348048011,1.9387099284194171
-1.1502871230709095,1.9523127178120274
-1.124298602447941,2.0492167597482083
-1.2536638761454744,1.9860145956417257
-1.2831704217997841,1.7974797444752646
-1.2885462152904699,2.069960973079313
-1.2672257881866187,1.8713060993852446
-1.1667274304068758,1.971542474388434
-1.2918408542781472,1.8135708507212134
-1.2611829593843211,2.098668474049174
-1.1794241420211655,1.8837133899498721
-1.1150864711331292,1.9901107643731384
-1.1334575392159216,1.9195517839201859
-1.2379836449227135,1.8732172838301533
-1.279171625086863,1.8109564047073206
-1.1850146177084597,1.9441750942723628
-1.227825405564719,1.7534230083967652
-1.0943728213753412,1.8051249174868
-1.2721601033816659,1.8381528865492414
-1.2748525479377433,2.037126231261295
-1.275260922663552,2.0445305896006323
-1.2427023536422797,1.9232015328400311
-1.2516677033331716,2.0523126062285435
-1.2502279037729576,1.868010404405191
-1.057523311822845,1.9265577232600803
-1.2115593563043827,1.8676720359011176
-1.1780199944954086,1.9859899567186154
-1.184730278729983,1.890900098789627
-1.2350263933427323,1.8697135165063994
-1.2790937611668345,2.065305775768922
-1.2391402397761435,1.829554528794737
-1.239497939895917,2.0166767898038493
-1.030816088661077,1.921032774364831
-1.2068213722308438,1.7484185349487857
-1.2582691849071048,1.893675727828555
-1.27086864180736,2.0996618414261263
-1.275258060549612,1.780219342801942
-1.1491690408388942,2.0684683581390364
-1.2448477364726136,2.0044279161638174
-1.187357643895996,2.0249643348709587
-1.169510719060594,2.0089929790817367
-1.2841510100915008,1.907363021061223
-1.2850954401973875,1.7895025440151189
-1.208504309756211,1.9447664951104617
-1.237681435706847,1.9346832937800376
-1.240602484944198,2.0107013606962068
-1.2800553295375465,1.8819058614639246
-1.1142086167546337,1.8169652671348862
-1.1391070133890437,2.0079143554263434
-1.1192634105348125,2.016305726028496
-1.1279744484797998,1.9859323592811409
-1.1173136262799443,2.1330184805785044
-1.2452588098383026,1.9672065529144185
-1.1540933764030217,1.9904964352233911
-1.2733380739135554,1.9937645821186618
-1.1981703706039706,1.920472537295249
-1.2625721185204746,1.9779403014916184
-1.1972675941649955,1.9801088887441751
-1.2647596795214735,2.0216593709017
-1.1798410333107658,1.943949250494234
-1.2167360814737007,1.7608029969764531
-1.2860764710960813,2.0193323284336895
-1.2075044851492367,2.1315229016668895
-1.2758597274359087,2.012712017614252
-1.1350474143272526,1.8630902098388378
-1.298727302338655,1.9818417191483644
-1.0897180299986116,2.0589083815887648
-1.226684110131313,1.87750333138148
-1.1869071029138825,1.8161312358347081
-1.2515493449629875,2.1626209170282387
-1.265118215498282,1.941090144693442
-1.2930552715716024,1.9165804720842674
-1.2116201199318613,1.9474000965186993
-1.280242903566861,2.017055942410788
-1.250117792837122,1.9264945811056087
-1.174313226914989,1.8789535501065004
-1.1357858786735973,1.9422311057883563
-1.2595626389484342,1.893598647178316
-1.2712705362528811,1.880315091710578
-1.2784376236299078,1.9922512075800591
-1.0973052944152102,1.9892783796878963
-1.1580582718287624,1.8389354812359486
-1.2103789006740207,1.8272802134628896
-1.1910917614683256,1.6649274173148072
-1.2619000521243193,2.0204179280690004
-1.1757666331624381,1.915810817750063
-1.271411427654096,1.8394373526406786
-1.2666668291905872,1.9519890494089593
-1.2620239832622122,1.9528485495502839
-1.2576479623958317,1.9466972076592448
-1.192746838411295,2.014577059901336
-1.0812563717905093,1.8797650223012472
-1.2560541598406116,1.9191784326971892
-1.2667655573004448,1.915702405032698
-1.282604636063664,1.8791753200573882
-1.1591482439902636,2.1316012273480425
-1.1973127045183394,1.8434691130090373
-1.2615406464463053,1.9051691267935353
-1.2377510142809156,2.004592428352775
-1.1395262951933418,1.9619891063450856
-1.1077234093864994,1.8878636088765197
-1.2775474159881832,2.099122880630983
-1.2156421885893751,2.0843444012285706
-1.265839940337103,1.9454629496617626
-1.0602181659147432,1.8389519652790611
-1.1721205041954632,1.8548079103143973
-1.0525501515150237,1.9648744912148874
-1.255531014277624,1.9133496448217833
-1.2233628445153502,1.6846617152238386
-1.051170524211276,1.9335042856401516
-1.2290230103090385,1.8230607577136626
-1.250793016692298,1.832055561031244
-1.207273790590206,2.0770432379163166
-1.0596262080648229,2.0107306980238184
-1.1701256855948619,1.9623992041619005
-1.2620364115663203,2.0166474560070426
-1.229811809210236,1.8637894566012037
-1.2252168638704048,1.8877704992468303
-1.1663184674883629,1.8772345626249405
-1.2674720385720921,1.9800588304132685
-1.2327031581882233,2.1171869289490526
-1.1106058893723443,1.9866962562298038
-1.1001271536438524,1.9398945654671993
-1.2900449740315751,1.8677406291751424
-1.1989809507747518,1.9162606727728224
-1.1574566529041872,1.9530169002920585
-1.2909025691898697,2.0255673217174475
-1.2348363369702597,1.8859376287932033
-1.2488159882538379,2.0745968780157846
-1.2597759516122626,1.9004499370596537
-1.2572761603546767,1.9525534452137951
-1.238724241508026,2.074794944254593
-1.113001698195044,2.1091388107692914
-1.2827568526075168,1.9248891452558885
-1.2834886563424608,1.8855258981989922
-1.1817220962452066,1.99991136672665
-1.264186036692971,1.8589011344775668
-1.168339011085495,1.839532106399468
-1.297190841306468,1.9090068275503653
-1.2564462424619858,1.9211661711284629
-1.0947590268378709,1.8919628330775358
-1.0740283014625591,2.0011877905187463
-1.282642537529025,1.934979447555359
-1.2037015441606258,2.0946520088245886
-1.071714272134763,1.874100898587728
-1.0778682207454382,1.7638050626284583
-1.2218600382259155,1.8539265350453962
-1.1224397329701008,1.84905086090698
-1.1084036922371632,1.998716922485785
-1.2364612011355578,1.9348626627598045
-1.292879364145467,2.052203384327931
-1.2931495461077749,1.9639674799783151
-1.2587180870777508,1.8705642025701907
-1.197530091505398,2.0917713912837246
-1.191260201319675,1.9409821023069682
-1.0622841327931,2.036014703449918
-1.2737280133254838,2.1016301702187556
-1.2318800681572633,1.7919956559414751
-1.1835568058386052,1.959841900600542
-1.254426706559583,1.986269984112279
-1.2329960462695237,1.9194467194022127
-1.166408197136793,2.0438654797102678
-1.2620203713581577,2.160935810725079
-1.1711652387869704,1.7511272301217264
-1.28741189512792,2.0353913158806676
-1.2675005108417092,2.027899217379721
-1.1837175359953047,1.9837171523050108
-1.2862728625333164,1.9885295019051308
-1.171745347861852,1.840684151092159
-1.122375049908542,1.9407106233929259
-1.277220221215036,1.7607271270270402
-1.239948639508033,1.846659995686491
-1.1511130607678004,1.7440170009290692
-1.1582792055257456,1.8146588097947836
-1.1746851576714437,2.0260627513980602
-1.2869169119193513,2.1872971657437255
-1.2831613120883212,1.8454413343978588
-1.2397038711105974,1.8519597538651125
-1.2886390395447256,1.6937496991424794
-1.2812993598542861,1.9772256702771958
-1.2810713252386507,1.8575720911328717
-1.2917020952075613,2.179985268845962
-1.2221098739130853,1.871818663521282
-1.2131584757700815,2.161251082828785
-1.205805394749645,1.970548474572248
-1.227822667239911,1.8418649683137394
-1.1706696314680176,1.7218002843728877
-1.2338838708164515,1.8857257186684668
-1.1594994083641805,1.9398127058552617
-1.1586123862181257,1.9178781526483288
-1.2834601714491207,1.9775406502267439
-1.1796874678393159,1.8285169942965835
-1.1502891476090358,2.0793705865069305
-1.1126200175456828,2.1256166543722834
-1.150381834357289,1.971827094038685
-1.2952699847452027,1.9596458238756291
-1.2316940622210124,1.9467164140886515
-1.1816387283510086,2.0986501598635137
-1.1349812301316227,1.976064610902651
-1.1027821051284743,1.9230482282174801
-1.2733161037833822,1.8351312295868405
-1.2423364977444824,1.7052423891802584
-1.1361897011175977,1.8296735191131461
-1.1956159824116424,1.9487872661039294
-1.2670584743510749,2.029334373802055
-1.2136554088965104,1.883781970683307
-1.1484868572909621,1.9339922492765758
-1.1608016290138763,1.9578474124836174
-1.2670724659672137,2.1349855536965614
-1.1765764211095493,1.9776164620620384
-1.299699768296137,2.055901412081288
-1.281907960662261,1.9595170017507584
-1.2198634253361633,1.9322892653312849
-1.210742919051269,1.7316337737876104
-1.2204887117315677,1.8842092281285752
-1.280625696867153,1.8682426915481067
-1.278479734078617,1.8761275433259572
-1.2268936456425614,1.9802557023758582
-1.2769760807774257,2.18795244619012
-1.2199273911519783,2.022772453676344
-1.0906592874188865,1.9600171031554028
-1.1570033403492075,1.9377115806496592
-1.2212439249370743,2.0157369817695163
-1.1052315762245444,1.9733440030430554
-1.21447902002933,1.9581829538966726
-1.096811159149298,1.9615047331589845
-1.217465764584148,1.8592138446051043
-1.2772052802204084,2.044395122167986
-1.123384130379563,1.9036153993062057
-1.2941860432509336,2.0418413259087993
-1.176475214307781,1.9342048896450326
-1.0521539023906246,1.8296423300324862
-1.255756004576105,1.9917060583862611
-1.2897432134925553,1.874960437231372
-1.1420846733031271,1.859152666863988
-1.2824728343151297,1.7380224202956618
-1.230872550930993,2.0315290335010547
-1.1811877160545672,2.031468875404496
-0.9920373770844264,1.9541236179598007
-1.2768136674602468,1.8540048968772394
-1.2695013832968847,1.866856713441966
-1.2881651623889612,2.021009858366254
-1.2048172942804096,2.022598874110749
-1.1862917570866924,1.9521586107152826
-1.1147398592266053,1.8761950968985497
-1.2246607327676329,1.8418164905083643
-1.1743736686010016,1.7652978132419428
-1.229164934866048,1.9316661062829805
-1.240588576488156,1.956081232856026
-1.1636504413684237,1.9789989041140263
-1.2941694772127876,1.8906849109919555
-1.2839175333095496,1.8121978581224834
-1.2778860197936217,1.933616984697613
-1.1790291930460544,2.00921077967615
-1.2916193840464905,2.0485107800335487
-1.122088892614054,1.7213439041742236
-1.2518654175262194,1.9427064445327749
-1.2274754586589827,1.9415948241763306
-1.2558961082641564,1.8997875078139899
-1.270188568348355,2.0260562061996614
-1.113262992185389,2.2404775215431236
-1.2421261574489246,2.0572026114026567
-1.228233227258876,1.976688585865055
-1.2980781685638116,2.01094141329763
-1.1907066288949477,1.9691220083297372
-1.252486190239273,2.083858838026387
-1.0796861730189662,1.73963009686969
-1.2249425487846317,1.9654671578405754
-1.2420494442253533,1.9021844662274314
-1.1232148670926216,1.918036761664414
-1.2888059081907808,1.8932257262812926
-1.2997881442140828,1.8640871158241898
-1.2140266937545183,2.0268486526880305
-1.2064066369571567,1.7119168770382602
-1.2337132616169717,2.139590583641947
-1.2355879013269675,1.9281136415779858
-1.223199322980547,1.8713056257159886
-1.2606091561293062,2.0892819345641653
-1.1972896791089636,1.835995668175383
-1.199794729297356,2.0093170757791317
-1.2152506591005456,2.040696177722289
-1.296354342195382,1.8577066329557723
-1.1359456471232834,1.8547823680997344
-1.2816550565353664,2.1594106934029957
-1.2830112521177675,1.8203927178366428
-1.2087283022292015,1.9418788025047407
-1.1932934736715795,1.8581755323519076
-1.1214744026093704,1.9062900295816136
-1.2436852850085531,2.049174422517611
-1.1787861805834083,1.9935392005695423
-1.1345723053305274,1.9263807094258616
-1.2507705509579687,1.9194793902724812
-1.2762642966023643,2.0295122061660145
-1.1847847738429726,2.0619412070717704
-1.2998782992031592,1.8706969902526176
-1.2133170612643756,1.8009677388354304
-1.2473256328397195,1.9199130159051017
-1.2661798252534924,1.9810454872793575
-1.2592951016290033,1.8861715712958353
-1.1848240562953105,1.9020913940113209
-1.2665781589311351,1.9270217189219603
-1.2297221706239845,1.8479665236584735
-1.1990789866439973,1.9036954692384218
-1.222514155844114,2.038985015522734
-1.2413357266376888,2.071681893928408
-1.2180000572255716,1.8012808376310159
-1.1911584688190748,1.8325814847314574
-1.2523003088797895,1.9591124432266145
-1.2286454585410733,1.9042978517004727
-1.2340488454342502,2.214547279775545
-1.1808836461489698,1.7887264532970972
-1.156465582677843,1.7611890700631405
-1.2874322278493275,2.028701103765494
-1.274751997315499,1.8081300315588194
-1.2013494944427654,2.029701678232726
-1.196580579316688,2.02476546646081
-1.2350214398932378,1.9632512612784587
-1.2098325320489398,2.1113784019685857
-1.257366762779986,1.9321834399305522
-1.2604283038273576,1.9605246747201883
-1.224567013064902,1.8883753571102495
-1.1424394283510126,2.0712916234447674
-1.2241759314301168,2.0994023093420386
-1.2523086906570702,1.9771543080060758
-1.2671602475379604,2.2424212227196443
-1.223888119312543,1.971951368025059
-1.1858278629316845,1.8351100564361942
-1.1568633726163435,1.9643906937664175
-1.2912310930440325,1.918251622317533
-1.2150145979632427,1.8676900424928542
-1.2929617449933901,1.9810046381536077
-1.2079696244039158,1.878477600533502
-1.1227901583974722,1.8740167076153214
-1.2549192993503941,2.1855404177035225
-1.1775423013200672,1.9648657090387833
-1.1718377220340017,2.124478031193112
-1.235019406235865,1.9558147387073561
-1.262920775119963,1.8527259226110369
-1.2244283634408373,1.9391438200085553
-1.19227300254848,1.9597016180950948
-1.1930942038656585,2.0918538460539042
-1.2244280959531795,2.029021474516209
-1.261599074911235,1.903133900659746
-1.2853811780440623,1.9674429599526537
-1.2227620651237856,1.865047404410034
-1.1778188635319746,1.8707375799741301
-1.1869527836161855,1.7574704542965658
-1.2991338697740271,1.9403610198520636
-1.0587689012178836,1.758877470704658
-1.1822792808069558,1.9824427403252736
-1.1843248023019328,1.8835999412196553
-1.2072181500623635,1.8739706315126667
-1.2369732898558266,1.966039043471435
-1.268887802783246,2.0548493497801923
-1.1560815218427163,2.000974598859739
-1.2691850044639759,2.00081750984855
-1.1362589070671358,1.929472188119529
-1.2671748698991994,1.930845872173814
-1.203708076869623,2.104461427962004
-1.2984574384573984,2.1026044806125466
-1.243944199750344,1.890899814637051
-1.2471192331218057,2.090269744337993
-1.2897069266343197,1.748518538986942
-1.257378227351875,1.967391766655119
-1.1318637606170643,2.047524691765082
-1.2492989537055594,1.8833011226955807
-1.2850947224656264,1.965609400006634
-1.2059049460215485,1.7367298627444812
-1.1813961441152927,1.8075103165300812
-1.2708507453630569,1.9959878518706347
-1.1993528938561726,1.7159223337598064
-1.1864094030704573,1.9785028227028707
-1.2503365084937088,2.0697640800368036
-1.2665985400865052,1.917899927855814
-1.2881370447826999,1.962872235897987
-1.2335620351362233,2.069748095772641
-1.2153341863944414,1.9245403745266783
-1.2937240517663382,2.0705545626349884
-1.177017718145562,1.882415675419975
-1.2991856939057387,2.0413188061262644
-1.2226068289346048,2.0174052683648056
-1.1707190995879089,1.6372684196780762
-1.250312833467124,1.9866421233139027
-1.1279833715434022,1.9983383387195495
-1.2863497667769082,1.983471012591064
-1.1729322883220954,2.0573508904870446
-1.209028626872504,2.060866646584661
-1.2553773771315406,1.9236894210867552
-1.2266162664061675,2.1860650897636273
-1.2498347641550598,1.9888295522605979
-1.1724660007801608,2.0592504074133444
-1.0474209824631442,2.091332986058345
-1.2182861330191397,1.9039624126622865
-1.2993592444864068,1.9957594531131015
-1.282780073131684,1.9675677354932524
-1.2456264100417782,1.9761282182209803
-1.281610380590342,1.992572620685495
-1.1742970913498167,2.045524697624141
-1.1661643027887023,1.9299955169735539
-1.2923947734725536,2.006628315463963
-1.2030587036303013,2.0836140348298593
-1.2155436239050461,2.0368481168304746
-1.256870650200586,1.916066651128709
-1.21115256202938,1.7190481871571979
-1.2223596361362683,1.8928914272432407
-1.0683254078511393,1.9381330438750675
-1.210848236200565,1.9939738172910222
-1.228263665481259,2.0146526313536093
-1.2540202554651299,1.888486679855887
-1.242999124293149,1.8757123762400552
-1.2438034244399176,2.133145558883335
-1.2143474934551142,1.8448264397335463
-1.2430538468221082,1.7031891912285317
-1.2765688548625889,2.0194244139122604
-1.1968184832024327,1.8543655387026752
-1.2231037763745125,1.95670852309932
-1.2944004708832866,1.928321728595414
-1.2948700802235642,1.9742500099749452
-1.229638266798513,1.825504785575335
-1.1954331055752419,2.0582409748766333
-1.2805200488514419,2.071084560900349
-1.2530598930567365,1.9169153025191956
-1.2645113375437358,2.0871621448664452
-1.272082399973837,1.753772910865867
-1.2742963212776208,1.9594585764893602
-1.286514499841219,1.8313855524402698
-1.0558139921784426,1.9388800488067301
-1.198499858204041,1.8798973196642284
-1.2856398372963507,1.9589425847418345
-1.1061497598657528,1.809034803218527
-1.260080074582274,1.8073165655647068
-1.1041579538299795,1.8590379651522215
-1.2551391748604817,1.9567864155926313
-1.2574455538727165,1.9035310596174557
-1.156337772557973,2.12457478217268
-1.224075925717335,1.9754578890650996
-1.2685083178152754,1.9268534504063153
-1.2854554030475847,2.0346312740855206
-1.28523898826712,1.918163016780517
-1.2839442213027834,1.9997047267056656
-1.2801522221821309,1.9434700103915443
-1.2019696542902005,2.0190284443646163
-1.2665637632786022,1.853488223650113
-1.122206640881426,1.9528736587186648
-1.289440187235766,2.1023564573869606
-1.2367958753248973,1.8223625961223275
-1.2823195381581316,1.7413168386128004
